publish_order_hint,package,crate,repository,tier,platform,initial_version,default_features,features,required_radroots_dependencies,optional_radroots_dependencies,direct_consumers,responsibility,forbidden
1,radroots-core,radroots_core,lib,foundation,no_std + alloc; std feature,0.1.0,std;serde,std;serde,,,radroots-event;radroots-trade;radroots-sdk;radroots,"Foundational value objects and deterministic invariants: decimal, currency, money, percentage, quantity, units, and pricing.","Identifiers, identities, event kinds, networking, persistence, clocks, filesystem paths, process behavior, or application configuration."
2,radroots-identity,radroots_identity,lib,foundation,no_std + alloc; std feature,0.1.0,std;serde,std;serde,,,radroots-event;radroots-signing;radroots-transport;radroots-nostr;radroots-nostr-connect;radroots-sdk;services,"Public identity and account value types: canonical public keys, identity IDs, account IDs, public profiles, and usernames.","Secret keys, key generation, NIP-49 encryption, keyrings, files, SQLite, runtime paths, upstream nostr::Event values, signer sessions, or host account selection."
3,radroots-blossom,radroots_blossom,lib,protocol primitive,no_std + alloc; std feature,0.1.0,std;serde,std;serde,,,radroots-event;radroots-event-codec;radroots-nostr;media clients,"Portable Blossom protocol primitives: canonical blob URLs, hashes, media descriptors, byte-verification typestates, and authorization claims.","HTTP clients, upload scheduling, cache management, filesystem traversal, application media policy, or global authentication state."
4,radroots-protocol,radroots_protocol,lib,versioned wire contract,no_std + alloc; std feature,0.1.0,std;serde,std;serde,,,radroots-event;radroots-signing;radroots-transport;radroots-storage;radroots-sync;radroots-sdk;radrootsd;bindings,"Versioned cross-process and cross-language schemas, capability catalogs, operation descriptors, stable error reports, schema IDs, and structural validation.","Native clients, storage, network I/O, executor/runtime ownership, domain reducers, upstream dependency types, unversioned serialized DTOs, or package names containing protocol generations."
5,radroots-event,radroots_event,lib,domain protocol model,no_std + alloc; std feature,0.1.0,std;serde,std;serde;knowledge,radroots-core;radroots-identity;radroots-blossom;radroots-protocol,,radroots-event-codec;radroots-trade;radroots-signing;radroots-transport;radroots-storage;radroots-sync;radroots-nostr;radroots-sdk;indexers,"Canonical Radroots event-domain models, validated event identifiers, tags, event contracts, authoring drafts, signed/verified typestates, and NIP-01 wire-neutral representations.","Live Nostr clients, relay pools, signing backends, SQLite, outbox claims, retry scheduling, application state, or duplicate trade/order identifier concepts."
6,radroots-event-codec,radroots_event_codec,lib,deterministic algorithm,no_std + alloc where selected features permit; std feature,0.1.0,std;json,std;serde;json;knowledge;manifests,radroots-event;radroots-blossom;radroots-protocol,,radroots-nostr;radroots-storage-sqlite;radroots-transport-nostr;radroots-sync;radroots-sdk;bindings,"Deterministic canonical encoding, decoding, ID/signature verification, contract validation, admission, and manifest generation for Radroots events.","nostr-sdk clients, relay networking, persistence, background work, upstream client errors, or host configuration."
7,radroots-trade,radroots_trade,lib,domain algorithm,no_std + alloc for model/reducer; std feature,0.1.0,std;serde;json,std;serde;json,radroots-core;radroots-identity;radroots-event,,radroots-storage;radroots-sync;radroots-sdk;RHI;applications,"Trade validation, evidence models, deterministic reduction, conflict analysis, and side-effect-free workflow plans over the canonical event trade model.","A second TradeId definition, actor authorization, signers, event-store access, SQLx, filesystem state, transport delivery, outbox mutation, or process scheduling."
8,radroots-signing,radroots_signing,lib,host SPI,no_std + alloc core; std feature,0.1.0,std;serde,std;serde,radroots-identity;radroots-event;radroots-protocol,,radroots-nostr;radroots-sync;radroots-sdk;CLI;Studio;FFI hosts,"Object-safe author/signing SPI, actor provenance, authorization checks, requests, receipts, progress, capabilities, and normalized signing errors.","Raw secret-key ownership, keyrings, relay networking, NIP-46 session persistence, SQL, UI prompts, or executor creation."
9,radroots-transport,radroots_transport,lib,network SPI,no_std + alloc data model; std feature,0.1.0,std;serde,std;serde,radroots-identity;radroots-event;radroots-protocol,,radroots-storage;radroots-transport-nostr;radroots-sync;radroots-sdk;services;future adapters,"Transport-neutral target identities, capability/status models, source and sink SPIs, delivery/fetch policies, bounded requests, provenance, and normalized outcomes.","Closed enums that prevent new transports, Reticulum-specific constants, Nostr URLs at the generic root, storage/outbox access, retries, scheduler ownership, or silent fallback."
10,radroots-nostr,radroots_nostr,lib,protocol adapter,no_std + alloc for conversion surface; std feature,0.1.0,std;events,std;events;signing;nip17;blossom,radroots-identity;radroots-event;radroots-event-codec,radroots-signing;radroots-blossom,radroots-nostr-connect;radroots-transport-nostr;radroots-sdk;Myc;radrootsd,"Portable conversion between Radroots native event/identity types and Nostr protocol types, typed NIP helpers, and concrete local signing adapters; no live relay client.","nostr-sdk relay pools, reqwest clients, runtime ownership, broad aliases of upstream nostr types at the root, account persistence, or outbox orchestration."
11,radroots-nostr-connect,radroots_nostr_connect,lib,security protocol,std for v1; protocol data kept portable,0.1.0,serde,serde,radroots-identity;radroots-event;radroots-nostr;radroots-protocol,,radroots-sdk;Myc;remote signer tooling,"Nostr Connect/NIP-46 URIs, methods, permissions, requests, responses, client/server state machines, timeout-independent protocol validation, and normalized errors.","Relay-pool implementation, secret persistence, approval UI, global sessions, Tokio runtime ownership, or Myc-specific service storage."
12,radroots-secrets,radroots_secrets,lib,security SPI,no_std + alloc core; std adapters,0.1.0,std;serde,std;serde;memory;file;keyring,,,radroots-storage-sqlite;radroots-sdk;signing hosts;services,"Secret references, provider and key-wrapping SPIs, versioned encrypted envelopes, zeroization-safe secret handling, and explicit memory/file/keyring adapters.","Public secret bytes, Clone/Debug/Serialize for secret-bearing values, identity profiles, domain tables, arbitrary key/value storage, hidden key generation, or process-global vaults."
13,radroots-storage,radroots_storage,lib,storage SPI,std for v1,0.1.0,memory;serde,memory;serde,radroots-event;radroots-trade;radroots-transport;radroots-protocol,,radroots-storage-sqlite;radroots-sync;radroots-sdk;indexers;tests;future backends,"Backend-neutral canonical event, operation journal, outbox, transport evidence, projection, private-artifact metadata, backup, status, and atomic commit interfaces, plus an in-memory reference backend.","SQL text, SQLx pools or transactions, filesystem paths, application UI state, concrete retry loops, Nostr clients, or unconstrained raw key/value escape hatches."
14,radroots-storage-sqlite,radroots_storage_sqlite,lib,native storage backend,std-only native backend,0.1.0,,,radroots-storage;radroots-event-codec;radroots-secrets,,radroots-sdk;CLI;Studio;mobile/FFI,"SQLite implementation of the storage SPIs with schema migration, WAL, locking, integrity, backup/restore, crash recovery, and encrypted private storage.","Public SqlitePool/Connection/Transaction handles, caller-supplied arbitrary SQL, Studio state, global connection pools, runtime installation, or silent schema downgrade."
15,radroots-transport-nostr,radroots_transport_nostr,lib,native network adapter,std-only; Tokio implementation detail in v1,0.1.0,,,radroots-transport;radroots-nostr;radroots-event-codec;radroots-protocol,,radroots-sdk;CLI;radrootsd;advanced hosts,"Concrete Nostr EventSource/EventSink implementation: relay URL policy, connection, NIP-42 authentication, bounded fetch pages, delivery, status, and relay-outcome normalization.","Event-store ingestion, outbox claiming, retry scheduling, projection refresh, global relay clients, direct SQL, or transport fallback."
16,radroots-sync,radroots_sync,lib,local-first orchestration,std-only in v1; executor-neutral public API,0.1.0,serde,serde,radroots-event;radroots-event-codec;radroots-signing;radroots-transport;radroots-storage;radroots-trade;radroots-protocol,,radroots-sdk;CLI;Studio;mobile/FFI;advanced hosts,"Shared pull, verification, canonical admission, duplicate handling, projection refresh, outbox signing/delivery, status, and retry-decision orchestration without owning scheduling.","Creating an executor, spawning hidden workers, installing timers globally, owning process lifecycle, storing UI state, or transport-specific branches outside adapters."
17,radroots-geonames,radroots_geonames,lib,concrete data provider,std-only,0.1.0,,,,,radroots-sdk;CLI;geocoding applications,"GeoNames asset specification, authenticated/integrity-checked acquisition, database lifecycle, and forward/reverse locality lookup using provider-owned types.","Generic multi-provider abstraction before a second provider exists, runtime-path policy, hidden downloads, SDK configuration types, SQLx/reqwest types in the public API, or test-fixture features."
18,radroots-sdk,radroots_sdk,sdk,advanced front door,std-only native engine,0.1.0,memory,memory;sqlite;sync;nostr;nip46;local-signing;radrootsd;geonames;knowledge;native;full,radroots-core;radroots-identity;radroots-protocol;radroots-event;radroots-event-codec;radroots-trade;radroots-signing;radroots-transport;radroots-storage,radroots-secrets;radroots-storage-sqlite;radroots-nostr;radroots-nostr-connect;radroots-transport-nostr;radroots-sync;radroots-geonames,CLI;Studio;FFI/mobile;advanced native applications,"Host-neutral asynchronous client engine, product operations, capability reporting, explicit storage/signing/transport composition, diagnostics, backup/restore, and safe commit semantics.","Global runtimes or subscribers, hidden workers, process signals, CLI parsing, UI state, Studio databases, raw SQLx/upstream client types, broad wildcard reexports, or a nominal no_std claim."
19,radroots,radroots,sdk,ordinary-user front door,std-only,0.1.0,client,client;native;nostr;nip46;radrootsd;geonames;knowledge;full,radroots-sdk;radroots-core;radroots-identity;radroots-event;radroots-trade;radroots-transport,,ordinary Rust applications;examples;documentation,"Canonical Rust onboarding package with curated modules, safe defaults, stable convenience builders, domain aggregation, examples, and primary documentation.","A public radroots::sdk namespace, wildcard reexport of radroots-sdk, duplicate engine implementation, CLI binary, hidden network/filesystem/keychain side effects, or exposure of every lower-crate symbol."
